{
  "format_version": "1.8.0",
  "animations": {
    "animation.armor_stand.default_pose": {
      "loop": true,
      "bones": {
        "body": {
          "rotation": [
            "-this",
            "-this",
            "-this"
          ]
        },
        "head": {
          "rotation": [
            "-this",
            "-this",
            "-this"
          ]
        },
        "leftarm": {
          "rotation": [
            "-this - 10",
            "-this",
            "-this - 10"
          ]
        },
        "leftleg": {
          "rotation": [
            "-this - 1",
            "-this",
            "-this - 1"
          ]
        },
        "rightarm": {
          "rotation": [
            "-this - 15",
            "-this",
            "-this + 10"
          ]
        },
        "rightitem": {
          "rotation": [
            "-this",
            "-this",
            "-this"
          ]
        },
        "rightleg": {
          "rotation": [
            "-this + 1",
            "-this",
            "-this + 1"
          ]
        }
      }
    }
  }
}