{
  "format_version": "1.10.0",
  "minecraft:client_entity": {
    "description": {
      "identifier": "minecraft:armor_stand",
      "min_engine_version": "1.8.0",
      "materials": {
        "default": "armor_stand",
        "waypoint_beam": "entity_alphablend"
      },
      "animations": {
        "default_pose": "animation.armor_stand.default_pose",
        "no_pose": "animation.armor_stand.no_pose",
        "solemn_pose": "animation.armor_stand.solemn_pose",
        "athena_pose": "animation.armor_stand.athena_pose",
        "brandish_pose": "animation.armor_stand.brandish_pose",
        "honor_pose": "animation.armor_stand.honor_pose",
        "entertain_pose": "animation.armor_stand.entertain_pose",
        "salute_pose": "animation.armor_stand.salute_pose",
        "riposte_pose": "animation.armor_stand.riposte_pose",
        "zombie_pose": "animation.armor_stand.zombie_pose",
        "cancan_a_pose": "animation.armor_stand.cancan_a_pose",
        "cancan_b_pose": "animation.armor_stand.cancan_b_pose",
        "hero_pose": "animation.armor_stand.hero_pose",
        "wiggle": "animation.armor_stand.wiggle",
        "controller.pose": "controller.animation.armor_stand.pose",
        "controller.wiggling": "controller.animation.armor_stand.wiggle",
        "scale": "animation.armor_stand.waypoint_beam.scale"
      },
      "scripts": {
        "initialize": [
          "variable.armor_stand.pose_index = 0;",
          "variable.armor_stand.hurt_time = 0;",
          "variable.show_waypoint = 0;"
        ],
        "animate": [
          "controller.pose",
          "controller.wiggling",
          "scale"
        ],
        "pre_animation": [
            "variable.show_waypoint = query.get_equipped_item_name('main_hand') == 'filled_map';"
        ]
      },
      "render_controllers": [
        "controller.render.armor_stand",
        {
        "controller.render.armor_stand.waypoint_beam": "variable.show_waypoint"
        }
      ],
      "enable_attachables": true,
      "textures": {
        "default": "textures/entity/armor_stand",
        "waypoint_beam": "textures/entity/waypoint_beam"
      },
      "geometry": {
        "default": "geometry.armor_stand.larger_render",
        "waypoint_beam": "geometry.armor_stand.waypoint_beam"
      }
    }
  }
}